date,ACMilan,AtleticodeMadrid,Chelsea-FC,Juventus,RealMadrid,fcbarcelona,fcbayern,fcbayern.en,manchesterunited
2015-03-11,21714858,9210858,35517444,0,70164957,70253997,23852600,0,55995365
2015-03-12,21720256,9219558,35542456,0,70192602,70280200,23883683,0,56010330
2015-03-13,21722838,9224826,35554126,0,70204018,70292266,23904848,0,56015728
2015-03-14,21729965,9233677,35574388,0,70231917,70323430,23932053,0,56035260
2015-03-15,21732871,9239260,35585524,0,70244932,70342652,23953233,0,56043697
2015-03-16,21740231,9247339,35606602,0,70276746,70374350,23979732,0,56069649
2015-03-17,21749413,9257609,35629742,0,70308229,70408771,24020208,0,56096022
2015-03-18,21756578,9269710,35646781,0,70327318,70432665,24036354,0,56114275
2015-03-19,21762712,9246627,35662516,0,70348211,70473034,24059574,0,56131785
2015-03-20,21768744,9149206,35566279,0,70235436,70358073,24015075,0,55996171
2015-03-21,21775741,9162633,34833151,14964763,69335072,69244680,23542880,0,55087537
2015-03-22,21782284,9173208,34621286,14978628,67888304,68450916,23567762,0,54290672
2015-03-23,21788988,9183565,34646712,14992417,67621347,67987488,23592458,0,54085498
2015-03-24,21535595,9192741,34667529,15005937,67665214,67896552,23617465,0,54115017
2015-03-25,21212606,9202028,34687163,15017727,67696282,67830357,23644362,0,54137815
2015-03-26,20891841,9213966,34712945,15033985,67740443,67881659,23677207,0,54167532
2015-03-27,20901594,9223939,34736582,15048284,67781070,67928852,23709837,0,54192176
2015-03-28,20904991,9229070,34746185,15055022,67791358,67940722,23726523,0,54202147
2015-03-29,20912609,9237535,34764683,15067630,67823291,67978351,23753934,0,54221144
2015-03-30,20919708,9245592,34784593,15079668,67852523,68008469,23781181,0,54241975
2015-03-31,20927315,9253772,34803623,15091895,67882911,68041005,23809084,0,54261766
2015-04-01,20934910,9260233,34819368,15104722,67910971,68069664,23825752,0,54278668
2015-04-02,14551992,7257632,25143196,11475092,48042815,48434434,18294048,0,38953492
2015-04-03,20947671,9269891,34841527,15128375,67946222,68108032,23871980,0,54301604
2015-04-04,20956197,9277724,34864551,15143905,67979650,68145509,23903049,0,54326506
2015-04-05,20963909,9284750,34883299,15158325,68005479,68174292,23932964,0,54345099
2015-04-06,20970445,9291785,34900685,15171342,68041638,68207482,23958138,0,54362468
2015-04-07,20978054,9298934,34921306,15184470,68074065,68245117,23985299,0,54382855
2015-04-08,20984717,9305768,34939392,15198315,68108166,68276630,24006939,0,54396493
2015-04-09,20990795,9312283,34955722,15211078,68135000,68306999,24031144,0,54414311
2015-04-10,20997478,9319289,34972342,15224514,68162773,68339247,24056797,0,54431100
2015-04-11,21004269,9326426,34988259,15237701,68189222,68367982,24081795,0,54447506
2015-04-12,21011991,9335594,35005493,15251880,68219981,68399468,24107619,0,54465934
2015-04-13,21018413,9342808,35021609,15264255,68244552,68424285,24130735,0,54497741
2015-04-14,21022646,9349243,35030772,15274338,68261143,68442447,24146381,0,54512015
2015-04-15,21031720,9390024,35044487,15292818,68311394,68479383,23237711,0,54537562
2015-04-16,21035557,9403956,35049370,15301579,68327701,68513900,22606045,0,54546193
2015-04-17,21042182,9411265,35061192,15312300,68348014,68542500,22058688,0,54559188
2015-04-18,21046397,9416077,35066735,15321859,68360888,68551739,17406722,0,54567262
2015-04-19,21052240,9424057,35095464,15335121,68391090,68580272,13302865,8143559,54594550
2015-04-20,21058573,9430795,35113003,15348626,68417648,68610200,12700848,9260697,54611308
2015-04-21,21065028,9437283,35127645,15361807,68441126,68636642,9523325,12587275,54626292
2015-04-22,21070079,9444050,35139718,15374132,68463326,68678824,8308158,13882688,54638869
2015-04-23,21075422,9462337,35154036,15396151,68548743,68717030,8309832,15534950,54655098
2015-04-24,21080280,9471419,35169567,15413930,68592166,68752453,8310235,15686778,54674289
2015-04-25,21086113,9479798,35187289,15438164,68629635,68788678,8310944,15767049,54695374
2015-04-26,21092235,9487909,35204487,15454442,68663842,68828538,8311806,15808553,54716413
2015-04-27,21097648,9494905,35228579,15469910,68703832,68861144,8313369,15827724,54737381
2015-04-28,21103818,9501833,35247714,15485419,68740369,68897601,6109711,16852817,54758444
2015-04-29,21110394,9509713,35264808,15499402,68773711,68941866,5731299,17248794,54777012
2015-04-30,21116902,9516878,35283872,15519859,68815963,68982610,5732700,17325510,54795896
2015-05-01,21123353,9522824,35295847,15536525,68850373,69007712,5733834,17354381,54810598
2015-05-02,21130738,9531320,35319746,15560292,68885873,69053294,5734800,17379250,54832966
2015-05-03,21138064,9538185,35336451,13149381,68924518,69092455,5735516,17388922,54850884
2015-05-04,21145003,9545318,35363876,8967470,68958096,69124461,5735995,17396678,54866132
2015-05-05,21152821,9553118,35385512,8865244,68996826,69160636,5620643,17450642,54885630
2015-05-06,21159605,9560148,35402885,8894777,69051358,69194821,5578023,17520934,54904204
2015-05-07,21165881,9567152,35420338,8911554,69087727,69309450,5579490,17565389,54922618
2015-05-08,21172151,9573705,35439658,8923516,69124489,69375966,5580296,17579670,54943223
2015-05-09,21177917,9579977,35457288,8935157,69159260,69419438,5580924,17590867,54962115
2015-05-10,21183138,9586412,35475327,8946675,69202654,69472340,5581912,17601699,54981096
2015-05-11,21187288,9591523,35494409,8955904,69226108,69506310,5582596,17607347,54992750
2015-05-12,21196007,9599358,34255821,8969022,69273013,69565792,4711315,17994404,55021530
2015-05-13,21200389,9604250,32322097,8980999,69302289,69643740,4713850,18114303,55034863
2015-05-14,21207720,9612133,31899613,9030766,69378072,69706088,4714805,18142182,55054604
2015-05-15,21214644,9620322,31916782,9072342,69422647,69763596,4715799,18159137,55075447
2015-05-16,21221116,9627211,31932060,9069551,69456831,69809906,4716668,18174033,55093487
2015-05-17,21226105,9632173,31942699,9072743,69485996,69842371,4710041,18186347,55107256
2015-05-18,21233785,9644118,31959289,9037737,69521787,69929012,4624288,18204232,55136778
2015-05-19,21240638,9651777,31972511,8993855,69553319,69985096,3834548,18608126,55157125
2015-05-20,21246738,9659597,31985155,8936281,69584040,70032354,3760447,18684570,55176346
2015-05-21,21255572,9669106,32004391,8902908,69632681,70103077,3688228,18725673,55206654
2015-05-22,21259350,9672681,32012595,8913322,69647958,70131049,3689251,18745411,55218933
2015-05-23,21263429,9676431,32322429,8658400,69665954,70163907,2617719,19101037,55232716
2015-05-24,21268972,9683282,32336554,8586972,69706634,70227817,2619375,19127789,55258000
2015-05-25,21272336,9688017,32355171,8596873,69730332,70267148,2619825,19207856,55273021
2015-05-26,21279050,9695872,32375101,8611200,69775642,70330684,2503427,19273116,55299922
2015-05-27,21279496,9698301,32382076,8621415,69779314,70342727,2504639,19274578,55304079
2015-05-28,21283527,9704514,32393887,8630407,69810478,70389133,2503608,19304964,55324537
2015-05-29,21286685,9709023,32403389,8641224,69832247,70422050,2504807,19328344,55339480
2015-05-30,21289436,9713651,32411502,8651517,69853231,70455306,2505538,19351303,55353237
2015-05-31,21292255,9718651,32421020,8662031,69873366,70505986,2506284,19374483,55364990
2015-06-01,21294962,9723088,32428938,8671405,69892750,70546141,2507140,19388831,55377247
2015-06-02,21298605,9727822,32482649,8685080,69915565,70583632,2511573,19472606,55391979
2015-06-03,21302013,9732401,32490427,8689528,69935782,70617709,2512100,19478260,55404447
2015-06-04,21305042,9736653,32496324,8695469,69954443,70656974,2512699,19485826,55414885
2015-06-05,21308280,9740726,32504793,8706551,69976256,70688646,2513341,19494742,55428464
2015-06-06,21312031,9744955,32515868,8720222,69999994,70737242,2514034,19518904,55445272
2015-06-07,21315696,9748707,32523689,8964652,70016375,70864564,2514545,19534797,55456249
2015-06-08,21321479,9753761,32534420,9095165,70043827,70949122,2515126,19559385,55473224
2015-06-09,21324957,9757065,32549598,9108388,70062879,71000575,2512649,19590060,55484801
2015-06-10,21326559,9759222,32553590,9114086,70074189,71033611,2512983,19603166,55489274
2015-06-11,21330956,9762730,32561137,9119122,70097683,71083610,2513120,19621093,55497733
2015-06-12,21333775,9765261,32566817,9127317,70109892,71105446,2513853,19640209,55505141
2015-06-13,21336570,9768663,32575781,9134827,70126599,71131880,2514648,19658314,55516512
2015-06-14,21340740,9773130,32587620,9144071,70153112,71173257,2515246,19682270,55532661
2015-06-15,21342900,9775890,32595319,9150850,70168655,71195914,2515901,19699932,55542779
2015-06-16,21346827,9780659,32612932,9165322,70198920,71237666,2515244,19734312,55559756
2015-06-17,21350300,9783997,32622302,9171847,70216882,71262312,2516083,19751366,55570403
2015-06-18,21351754,9786951,32628848,9177189,70229074,71278449,2516489,19763945,55577410
2015-06-19,21356296,9791352,32637790,9183115,70257619,71314681,2516894,19787910,55590607
2015-06-20,21356378,9793150,32640499,9186331,70266743,71327357,2517077,19800829,55593881
2015-06-21,21357331,9795500,32643305,9189795,70274881,71339751,2517416,19812761,55596026
2015-06-22,21359970,9799052,32652521,9196646,70293143,71360596,2518198,19830639,55606765
2015-06-23,21361830,9801800,32661356,9204767,70301363,71370559,2519017,19842501,55614574
2015-06-24,21364760,9805306,32668719,9212345,70322684,71398215,2519670,19868297,55625636
2015-06-25,21367011,9808489,32674346,9219623,70333032,71414622,2520265,19886412,55632459
2015-06-26,21367974,9810592,32745381,9226047,70339457,71425761,2520731,19903239,55635978
2015-06-27,21370776,9814176,32756175,9237657,70357548,71451215,2518324,19941481,55643220
2015-06-28,21373275,9817535,32764090,9241116,70370293,71467326,2519126,19961801,55651773
2015-06-29,21374340,9819631,32766598,9242149,70375752,71476959,2519536,19977883,55654239
2015-06-30,21377429,9822706,32772260,9243491,70388889,71494073,2519984,19996768,55661967
2015-07-01,21379525,9825810,32776074,9245170,70396530,71504354,2520620,20000423,55665517
2015-07-02,21381926,9829766,32781644,9246574,70411954,71524881,2521063,20023188,55674313
2015-07-03,21384836,9832701,32784518,9248134,70421108,71539844,2521448,20041942,55679651
2015-07-04,21387602,9835670,32792190,9249430,70431745,71554073,2521841,20060769,55685219
2015-07-05,21389208,9838509,32796478,9250578,70442221,71571183,2522228,20078741,55690104
2015-07-06,21391033,9841166,32799713,9252109,70451161,71586883,2522660,20096141,55694721
2015-07-07,21373823,9840395,32789361,9248137,70418649,71579821,2522982,20095452,55694740
2015-07-08,21375990,9844744,32795103,9250911,70434069,71606481,2523539,20113379,55705684
2015-07-09,21377971,9846643,32796221,9251846,70440443,71622759,2523842,20127781,55709921
2015-07-10,21379632,9848486,32798871,9253439,70447348,71635708,2524146,20142326,55714323
2015-07-11,21380669,9851002,32801758,9254958,70454478,71651225,2524430,20159565,55719698
2015-07-12,21383980,9853633,32807348,9256043,70471306,71675613,2524973,20183337,55740507
2015-07-13,21366564,9851195,32796949,9250369,70438888,71653652,2525658,20185089,55755453
2015-07-14,21367244,9853119,32802476,9251557,70444958,71676110,2521381,20207976,55783410
2015-07-15,21369527,9855178,32811765,9263503,70453241,71692874,2522970,20237862,55795292
2015-07-16,21372760,9859324,32819711,9266977,70468332,71717117,2523278,20258419,55810287
2015-07-17,21377197,9862851,32828376,9268031,70486661,71742497,2523719,20275982,55827514
2015-07-18,21379495,9865134,32832155,9272280,70490689,71751647,2524018,20288095,55836198
2015-07-19,21381070,9866788,32836461,9273781,70496184,71760436,2524554,20299781,55846453
2015-07-20,21383816,9869448,32841341,9273862,70507083,71778241,2525117,20313030,55857702
2015-07-21,21386435,9871985,32845995,9275234,70516740,71792468,2525582,20325471,55866523
2015-07-22,21388577,9874247,32849815,9276125,70525084,71807275,2525913,20341292,55874743
2015-07-23,21389773,9876907,32854279,9276939,70534035,71821538,2526189,20355877,55882593
2015-07-24,21390970,9880495,32860736,9277978,70542659,71834290,2526595,20370356,55889617
2015-07-25,21392100,9883506,32865145,9278614,70553429,71848192,2526964,20382570,55897503
2015-07-26,21394460,9886301,32870702,9279556,70563360,71864552,2527390,20396427,55909015
2015-07-27,21395977,9888360,32879045,9280361,70576150,71884015,2527660,20411188,55925178
2015-07-28,21398280,9890535,32889766,9281426,70598486,71910834,2528084,20427834,55947275
2015-07-29,21401244,9893054,32902044,9282635,70616025,71936138,2528679,20444767,55965078
2015-07-30,21402615,9894839,32915805,9295265,70633068,71958278,2525990,20467811,55980066
2015-07-31,21407391,9897116,32938849,9300787,70660559,71997260,2527509,20494190,56006726
2015-08-01,21408531,9897975,32939105,9299749,70666766,72006950,2527532,20493290,56009202
2015-08-02,21412832,9900592,32950108,9301308,70691725,72038657,2528280,20500261,56030497
2015-08-03,21413775,9901341,32963148,9302466,70700949,72050063,2528679,20501877,56038844
2015-08-04,21415796,9902724,32971829,9303907,70717768,72073122,2528962,20504695,56054536
2015-08-05,21418075,9904092,32977905,9304285,70735478,72091236,2529636,20511560,56069048
2015-08-06,21419467,9905685,32990819,9304499,70763390,72118940,2530654,20546007,56094465
2015-08-07,21422094,9908528,32999359,9307508,70784820,72146277,2531392,20576343,56112474
2015-08-08,21423772,9909924,33010435,9309363,70804442,72172355,2531752,20604437,56135243
2015-08-09,21425316,9911292,33021423,9311634,70819215,72192992,2532546,20629837,56165102
2015-08-10,21426976,9912542,33029899,9313045,70836074,72216201,2533253,20655239,56181914
2015-08-11,21429601,9913494,33039234,9313774,70856896,72243112,2534067,20670591,56200994
2015-08-12,21431331,9914646,33046781,9314432,70873469,72286227,2534777,20688545,56217028
2015-08-13,21434853,9915575,33053832,9314795,70893227,72318988,2535551,20704277,56234875
2015-08-14,21437695,9916536,33060335,9315400,70908585,72341137,2536234,20715097,56249321
2015-08-15,21441067,9918175,33069223,9316137,70935385,72375600,2537950,20724517,56272291
2015-08-16,21443277,9919590,33076324,9316535,70955250,72398904,2538719,20728816,56286632
2015-08-17,21444189,9920887,33084235,9317077,70966350,72412930,2539211,20731011,56295708
2015-08-18,21445252,9921917,33087856,9317590,70976315,72432699,2539760,20741729,56301589
2015-08-19,21447871,9924342,33093619,9317680,71001261,72457338,2540513,20761067,56317485
2015-08-20,21448457,9925656,33097682,9317985,71014929,72469566,2540790,20782000,56326807
2015-08-21,21449232,9927076,33106013,9318793,71029503,72485340,2541080,20804360,56336866
2015-08-22,21448354,9926919,33107888,9320015,71033073,72487814,2541358,20820581,56338522
2015-08-23,21446258,9925583,33105803,9317358,71031298,72486234,2541801,20831940,56340988
2015-08-24,21446119,9924934,33112004,9318163,71037695,72493244,2542244,20843348,56342402
2015-08-25,21446610,9924823,33114575,9316627,71048101,72506313,2542788,20853995,56348247
2015-08-26,21451194,9926012,33124730,9317209,71075812,72534431,2543984,20868583,56371017
2015-08-27,21454218,9926209,33129251,9317089,71091654,72552861,2545062,20880062,56388645
2015-08-28,21455952,9926796,33133352,9317708,71106214,72569543,2545696,20892739,56398439
2015-08-29,21458300,9927017,33139690,9317226,71118408,72588191,2547104,20904600,56414491
2015-08-30,21459219,9927431,33144194,9317170,71130803,72600507,2547913,20918480,56420603
2015-08-31,21460914,9928996,33147660,9318513,71143258,72613478,2548518,20935092,56431996
2015-09-01,21459258,9927882,33144440,9317324,71138434,72608979,2548714,20933354,56428277
2015-09-02,21459288,9927679,33147680,9316969,71143912,72616410,2549113,20941446,56428120
2015-09-03,21459441,9927951,33153056,9317376,71151139,72627108,2549367,20966210,56433976
2015-09-04,21459281,9928376,33154278,9321537,71152562,72630155,2549757,20989402,56435849
2015-09-05,21460803,9929746,33156809,9330687,71161655,72642079,2550091,21017429,56440606
2015-09-06,21458955,9927824,33151886,9336886,71164674,72635731,2550297,21031721,56438217
2015-09-07,21457108,9927334,33149611,9344110,71159527,72634866,2550404,21032309,56447793
2015-09-08,21457889,9928411,33153538,9351452,71172780,72650975,2550896,21051979,56459578
2015-09-09,21457009,9929549,33152864,9359448,71174464,72660326,2551137,21077761,56462048
2015-09-10,21456080,9929239,33153032,9365470,71175025,72662933,2551278,21108782,56468680
2015-09-11,21455242,9945603,33153050,9371589,71177888,72667880,2551393,21138450,56472232
2015-09-12,21454967,9969502,33153110,9377969,71180493,72673172,2551540,21169917,56474191
2015-09-13,21455091,10002935,33156916,9384973,71193366,72687308,2551900,21201889,56493601
2015-09-14,21456796,10030574,33156286,9391381,71197950,72693811,2552263,21227059,56496654
2015-09-15,21459273,10058885,33159069,9399753,71208807,72707315,2552564,21238965,56503774
2015-09-16,21461331,10075724,33162238,9410863,71226019,72721292,2552743,21257944,56513026
2015-09-17,21460395,10075786,33163938,9416735,71236208,72744214,2553487,21258587,56517010
2015-09-18,21458892,10074606,33168453,9425258,71229555,72741000,2542674,21268006,56513636
2015-09-19,21459007,10074854,33181086,9452209,71235308,72746906,2548788,21291938,56514414
2015-09-20,21461622,10077865,33194094,9459489,71259596,72769043,2549430,21297752,56527356
2015-09-21,21462439,10078381,33195434,9465885,71264772,72776882,2549787,21297727,56537218
2015-09-22,21460654,10076830,33192280,9469170,71258360,72771635,2550151,21295102,56535328
2015-09-23,21460186,10076687,33192080,9472638,71260068,72772452,2552635,21303496,56536410
2015-09-24,21459615,10078149,33193427,9477930,71271788,72786521,2554585,21320969,56544388
2015-09-25,21459828,10079656,33195996,9482718,71283435,72798687,2555033,21325628,56553385
2015-09-26,21460252,10081162,33198591,9488766,71290052,72805091,2555440,21335908,56559968
2015-09-27,21459780,10082274,33200249,9492616,71302674,72812417,2555599,21342222,56571659
2015-09-28,21459143,10084483,33204310,9498719,71318090,72831954,2556246,21357258,56583838
2015-09-29,21459388,10085103,33203868,9504560,71313094,72827582,2556368,21360778,56581879
2015-09-30,21458428,10087002,33206238,9513506,71321646,72843793,2558172,21369126,56590301
2015-10-01,21460117,10090889,33216206,9543430,71352066,72869552,2559681,21381440,56610234
2015-10-02,21460228,10092940,33222562,9555835,71363565,72880071,2561728,21390481,56619308
2015-10-03,21459509,10094144,33221422,9554817,71377432,72886955,2561674,21388790,56624808
2015-10-04,21459181,10095986,33224057,9554915,71392912,72900022,2561933,21390897,56633816
2015-10-05,21458822,10103656,33225731,9555250,71413439,72909715,2564340,21398093,56650597
2015-10-06,21458179,10105859,33226676,9555150,71422711,72921072,2564805,21427032,56656997
2015-10-07,21457145,10106828,33227470,9555186,71429765,72932120,2565136,21453111,56662083
2015-10-08,21446290,10100651,33206846,9560372,71406363,72909276,2564164,21453519,56641601
2015-10-09,21433083,10092574,33182794,9561996,71367264,72874990,2563878,21452940,56612653
2015-10-10,21432034,10093778,33182760,9582569,71376127,72886370,2565711,21472003,56620266
2015-10-11,21429512,10092654,33179898,9587953,71373271,72882999,2565345,21472871,56617159
2015-10-12,21452741,10110894,33232316,9628160,71460570,72968028,2568296,21533405,56686585
2015-10-13,21451667,10111841,33233673,9629050,71465336,72974601,2568717,21543992,56691794
2015-10-14,21450626,10113568,33235185,9632119,71470240,72981468,2569099,21554493,56697373
2015-10-15,21449387,10114845,33236007,9648356,71474556,72987585,2570189,21562944,56702031
2015-10-16,21448714,10115678,33237449,9659757,71479431,72994834,2570931,21568871,56707282
2015-10-17,21447507,10116198,33237360,9670950,71480909,72998603,2571221,21576607,56710484
2015-10-18,21447715,10118123,33242075,9682726,71492410,73010335,2571048,21586910,56725225
2015-10-19,21443863,10117895,33241519,9695637,71495402,73014783,2571734,21592691,56730384
2015-10-20,21444754,10120838,33248104,9713297,71512866,73034588,2573030,21611711,56744372
2015-10-21,21443643,10121597,33250196,9719097,71517863,73044161,2573667,21619749,56748185
2015-10-22,21442715,10123707,33252965,9736147,71534137,73054235,2574055,21629511,56755615
2015-10-23,21441048,10124323,33253428,9746614,71536080,73057218,2574297,21638258,56758402
2015-10-24,21440530,10126035,33256965,9749368,71547454,73070635,2574931,21654274,56769156
2015-10-25,21439756,10127266,33261032,9751613,71557052,73079522,2575605,21671956,56778675
2015-10-26,21438824,10129026,33264440,9753271,71564492,73090369,2575880,21686525,56797875
2015-10-27,21438212,10130458,33267132,9755037,71570866,73099214,2576232,21700506,56806054
2015-10-28,21437335,10132036,33270358,9758611,71576589,73108549,2577272,21715401,56813414
2015-10-29,21437027,10133634,33274009,9764193,71584282,73115391,2577867,21728934,56822090
2015-10-30,21435404,10135149,33276107,9767045,71588695,73126700,2578157,21742368,56829110
2015-10-31,21434743,10137388,33280448,9769846,71596226,73139049,2578602,21758225,56839750
2015-11-01,21433873,10139469,33291164,9772614,71601617,73149391,2578776,21765216,56849831
2015-11-02,21433434,10141102,33295833,9775039,71604324,73157988,2578823,21774628,56855281
2015-11-03,21433001,10142836,33298836,9783731,71606308,73165455,2578839,19399151,56859281
2015-11-04,21432344,10146056,33301950,9791263,71618369,73173654,2579002,18861989,56864884
2015-11-05,21432638,10149729,33309439,9799867,71633344,73196489,2580412,18629568,56878407
2015-11-06,21434369,10154427,33319029,9810987,71657785,73225961,2581656,18462955,56896083
2015-11-07,21434184,10156795,33324502,9819284,71666544,73239979,2582079,18346440,56905099
2015-11-08,21434465,10158476,33329538,9825912,71670997,73251019,2582450,18262968,56913847
2015-11-09,21435496,10161465,33336245,9834230,71688600,73276201,2582946,18203049,56926995
2015-11-10,21435249,10163386,33339380,9840448,71694041,73287539,2582796,18152887,56935524
2015-11-11,21435693,10165879,33346501,9848766,71707405,73306701,2582901,18110919,56951641
2015-11-12,21435903,10167553,33350819,9855658,71714994,73319366,2583224,18075100,56962105
2015-11-13,21436180,10169416,33355385,9862900,71753023,73367331,2583310,18038922,56971369
2015-11-14,21436542,10171628,33361036,9870770,71827202,73445728,2583594,18005209,56981778
2015-11-15,21437780,10174070,33366472,9878301,71865055,73485122,2583840,17976369,56994464
2015-11-16,21438525,10176056,33370994,9885183,71883593,73509497,2584143,17951679,57004081
2015-11-17,21438716,10177976,33375311,9891915,71902604,73528310,2584218,17930105,57013137
2015-11-18,21438926,10179843,33379031,9897236,71924683,73545592,2584471,17909456,57021371
2015-11-19,21440774,10181726,33383496,9903845,71972945,73585023,2584713,17897173,57029923
2015-11-20,21441269,10183445,33387326,9910261,72021037,73631442,2584896,17880728,57040130
2015-11-21,21468623,10185222,33391975,9916804,72071109,73684058,2585004,17864098,57050756
2015-11-22,21479217,10179958,33372589,9916711,72087122,73737636,2583433,17841211,57022664
2015-11-23,21499687,10189296,33401158,9931487,72171651,73829633,2585573,17845026,57074064
2015-11-24,21501309,10190620,33403882,9937828,72190363,73849922,2585648,17836703,57081035
2015-11-25,21504215,10193901,33413215,9946177,72219062,73906433,2586790,17833568,57099351
2015-11-26,21504769,10195775,33418224,9954409,72243644,73935012,2587173,17829749,57114654
2015-11-27,21503916,10196557,33421023,9957703,72265970,73960173,2586861,17817752,57133483
2015-11-28,21504140,10198552,33427387,9963809,72292112,73985090,2586814,17810135,57150530
2015-11-29,21507755,10201846,33437715,9973238,72323750,74017010,2587227,17810531,57170937
2015-11-30,21507896,10203624,33444058,9979381,72351128,74043484,2587560,17806879,57185548
2015-12-01,21506911,10204672,33447615,9984918,72359915,74063878,2709652,17797417,57194936
2015-12-02,21509141,10207170,33455504,9994200,72370151,74084134,2742798,17795425,57205513
2015-12-03,21507335,10207026,33456326,9996665,72376341,74103584,2624488,17784064,57212297
2015-12-04,21509422,10209575,33465743,10004974,72388750,74126530,2620352,17792213,57225016
2015-12-05,21510990,10211673,33473381,10012438,72397549,74147335,2614349,17797915,57236280
2015-12-06,21510630,10212943,33477702,10017755,72401636,74166903,2608175,17800392,57245347
2015-12-07,21511303,10214746,33483388,10023853,72408984,74185087,2605633,17801843,57255331
2015-12-08,21512033,10216264,33495501,10029565,72414526,74200782,2605603,17799387,57263075
2015-12-09,21514030,10219741,33502318,10036233,72439723,74234330,2605784,17793636,57282985
2015-12-10,21515755,10223570,33512365,10043629,72460121,74270710,2606451,17793512,57298958
2015-12-11,21516378,10225958,33517465,10050705,72467315,74288528,2606746,17791483,57305463
2015-12-12,21517206,10228097,33524122,10057765,72478364,74310829,2606962,17787789,57315769
2015-12-13,21517760,10229729,33530343,10064278,72485709,74331155,2607127,17782073,57325408
2015-12-14,21518262,10232037,33534910,10069810,72495373,74347763,2607316,17777348,57332567
2015-12-15,21519621,10235027,33544573,10079536,72508282,74374210,2607577,17778288,57343418
2015-12-16,21520989,10237612,33552914,10086296,72522902,74401322,2608548,17775675,57355720
2015-12-17,21523867,10240593,33562235,10094449,72539120,74430343,2609295,17775071,57368372
2015-12-18,21035005,10141310,32844176,9948185,70933665,72876004,2589770,17459016,56002240
2015-12-19,21476217,10219726,33500067,10082927,72379247,74296850,2603894,17735340,57245276
2015-12-20,21530227,10247652,33593138,10114262,72567352,74502674,2610505,17783702,57398614
2015-12-21,21531081,10249831,33600486,10120495,72582459,74541534,2610976,17788789,57408365
2015-12-22,21531526,10251703,32566131,10126048,72592736,74565649,2611252,17790385,57418772
2015-12-23,21532295,10253633,32555122,10132580,72603216,74588764,2611420,17793707,57430060
2015-12-24,21533146,10255748,32562362,10139088,72612267,74611644,2611778,17797400,57441189
2015-12-25,21534083,10257641,32568889,10144558,72620362,74632094,2611731,17799229,57451022
2015-12-26,21534898,10259568,32575127,10150100,72628768,74650695,2611605,17800991,57460475
2015-12-27,21535724,10261449,32582718,10155647,72637942,74671798,2611572,17802931,57472970
2015-12-28,21536944,10263423,32589013,10160884,72646241,74691394,2611608,17805041,57482791
2015-12-29,21537881,10265322,32597409,10166124,72656204,74713364,2611123,17807892,57498447
2015-12-30,21538411,10267010,32603364,10171345,72663839,74733262,2611046,17810635,57508430
2015-12-31,21539154,10269106,32609407,10177151,72673974,74759198,2610939,17813499,57516605
2016-01-01,21540183,10270630,32613888,10183561,72682053,74779671,2610893,17813318,57525858
2016-01-02,21540820,10273139,32618936,10190166,72694165,74800358,2610715,17814096,57534943
2016-01-03,21541951,10275643,32625428,10196977,72705532,74818996,2610486,17814836,57546217
2016-01-04,21542513,10277500,32633533,10203759,72721828,74836918,2610633,17815354,57555244
2016-01-05,21542976,10279600,32639474,10209946,72747465,74856872,2610818,17816005,57564492
2016-01-06,21544448,10281764,32646467,10217067,72796838,74877933,2611214,17817800,57574515
2016-01-07,21543619,10282957,32649306,10220355,72819718,74903959,2611120,17813834,57582233
2016-01-08,21546217,10285829,32661145,10233024,72837998,74926676,2612125,17825025,57596082
2016-01-09,21547266,10288499,32670171,10242862,72856749,74949707,2612591,17836434,57610288
2016-01-10,21547823,10291434,32678690,10251590,72890825,74979496,2613120,17845549,57626894
2016-01-11,21546901,10292735,32683154,10257456,72905857,74991457,2613574,17850820,57633463
2016-01-12,21546587,10293481,32688280,10262997,72919266,75019286,2614240,17858284,57640627
2016-01-13,21546881,10294599,32693720,10269101,72934596,75057317,2615470,17866616,57653777
2016-01-14,21548925,10297689,32703384,10277434,72950807,75090486,2616367,17878887,57668713
2016-01-15,21547753,10298979,32705839,10281758,72958412,75102719,2617092,17883151,57678962
2016-01-16,21548351,10300596,32711844,10287884,72969785,75118668,2617776,17889881,57689619
2016-01-17,21531121,10294236,32691286,10284482,72921495,75072789,2616056,17881100,57653795
2016-01-18,21549015,10304118,32709218,10291779,72995293,75151876,2617894,17884606,57723411
2016-01-19,21516412,10293730,32616410,10206139,72952033,75146383,2617049,17700557,57595484
2016-01-20,21516053,10294135,32628976,10218160,72954524,75153862,2618512,17697254,57601208
2016-01-21,21515348,10294980,32637395,10226783,72956064,75163179,2619481,17693072,57605491
2016-01-22,21514927,10295508,32659126,10234438,72959397,75170972,2620509,17691802,57611837
2016-01-23,21514203,10296473,32666833,10242712,72966633,75180880,2621915,17694597,57618465
2016-01-24,21513903,10297937,32674154,10250576,72975040,75196641,2622905,17697410,57631304
2016-01-25,21514214,10300509,32686455,10259647,72988626,75210488,2623763,17700489,57641164
2016-01-26,21514213,10301903,32694528,10267789,72997323,75223910,2624460,17704216,57651412
2016-01-27,21513989,10304197,32699362,10274818,73003868,75236397,2624511,17708531,57659477
2016-01-28,21513951,10305818,32706588,10283948,73011326,75253030,2625207,17714240,57667847
2016-01-29,21513717,10307313,32712833,10291905,73019186,75266195,2625809,17716987,57675677
2016-01-30,21513033,10308500,32720595,10299403,73026137,75278032,2626726,17720900,57685577
2016-01-31,21512782,10314136,32728219,10306950,73038003,75311293,2627158,17726118,57696519
2016-02-01,21519338,10316564,32737330,10314997,73055410,75328775,2628101,17724532,57706385
2016-02-02,21521160,10318245,32744032,10322658,73065584,75343304,2628701,17723723,57715594
2016-02-03,21522293,10320603,32752715,10331402,73075915,75361676,2629567,17728852,57727802
2016-02-04,21522233,10322398,32763265,10342271,73083076,75385106,2630425,17709463,57737673
2016-02-05,21522830,10324649,32773394,10352073,73093974,75406197,2630463,17702699,57747091
2016-02-06,21550225,10334101,32804534,10406822,73146998,75445527,2624092,17838197,57840367
2016-02-07,21550566,10337269,32825691,10420934,73163988,75472789,2625286,17853337,57861260
2016-02-08,21550331,10339291,32844550,10430439,73179429,75494682,2626047,17860570,57880255
2016-02-09,21548686,10340079,32853049,10437787,73185658,75505496,2626649,17863440,57888705
2016-02-10,21548205,10341696,32860402,10445527,73193748,75518482,2627059,17837897,57896324
2016-02-11,21547472,10343418,32871413,10456374,73204431,75537206,2628325,17765013,57906866
2016-02-12,21546731,10344574,32883987,10467615,73215964,75556214,2629868,17659496,57921451
2016-02-13,21546209,10346482,32890722,10475617,73225558,75570662,2630396,17629289,57942786
2016-02-14,21546264,10348894,32902165,10486919,73246055,75589906,2631098,17586928,57960051
2016-02-15,21546589,10350302,32907223,10494198,73254829,75613680,2631434,17555566,57967325
2016-02-16,21545640,10351697,32916981,10504053,73270760,75645627,2632245,17533551,57981217
2016-02-17,21545375,10354077,32928039,10510525,73282780,75664399,2632290,17514615,57988269
2016-02-18,21544502,10356113,32936726,10518127,73313161,75690025,2632657,17499588,57997472
2016-02-19,21541704,10362294,32945387,10526003,73333689,75712053,2632398,17486568,58012369
2016-02-20,21541149,10370417,32951729,10532979,73349530,75729362,2633093,17478497,58023764
2016-02-21,21540305,10380154,32958628,10540576,73360512,75747070,2633604,17474569,58031444
2016-02-22,21540121,10389187,32970167,10547123,73371754,75757542,2633874,17468764,58036583
2016-02-23,21540405,10396845,32975586,10552339,73377957,75767723,2633547,17464023,58040787
2016-02-24,21540764,10406087,32980402,10562388,73387248,75806045,2634942,17464752,58046722
2016-02-25,21544854,10419540,32995566,10571707,73421001,75850567,2636580,17469683,58073761
2016-02-26,21545010,10429538,33004504,10580169,73436387,75871489,2637375,17473760,58087676
2016-02-27,21544233,10432797,33007914,10583588,73445209,75881284,2637572,17473957,58096289
2016-02-28,21544197,10442533,33012799,10589105,73460518,75891019,2637972,17474832,58100868
2016-02-29,21545913,10446978,33022989,10596498,73478421,75920751,2638834,17478470,58134070
2016-03-01,21545645,10447999,33026102,10605015,73484700,75931695,2639227,17477346,58140852
2016-03-02,21546307,10450265,33030839,10610757,73499839,75954998,2639473,17477164,58152995
2016-03-03,21546450,10451471,33035190,10619541,73510911,75969842,2639803,17479660,58161040
2016-03-04,21547080,10452789,33039705,10628710,73521599,75995243,2640436,17483426,58170557
2016-03-05,21547418,10454136,33041958,10634803,73526158,76008843,2640430,17483593,58176891
2016-03-06,21548278,10456423,33050265,10644162,73543779,76026621,2641880,17491269,58187824
2016-03-07,21547652,10458240,33053716,10651399,73555681,76043496,2642281,17493116,58194956
2016-03-08,21546964,10459071,33056459,10656871,73560881,76052760,2642334,17490904,58199313
2016-03-09,21549003,10461448,33060601,10658837,73592807,76082617,2641624,17496893,58216804
2016-03-10,21549412,10463143,33069479,10665252,73603755,76097771,2642246,17515285,58225103
2016-03-11,21549189,10464793,33074031,10671964,73611293,76112448,2642401,17530968,58237402
2016-03-12,21548961,10466252,33078184,10678523,73619777,76125113,2642543,17541436,58245138
2016-03-13,21548276,10467565,33082222,10683859,73625022,76145004,2643088,17550516,58250132
2016-03-14,21548199,10469355,33085341,10690622,73636000,76160211,2643451,17559007,58261169
2016-03-15,21547533,10471919,33090714,10700328,73641380,76169653,2643563,17570925,58266045
2016-03-16,21547411,10480793,33097841,10710758,73650008,76188056,2644086,17579909,58271989
2016-03-17,21547567,10485443,33103345,10738750,73658116,76226871,2649544,17603710,58278709
2016-03-18,21547071,10488245,33108543,10752421,73666176,76246334,2651888,17614257,58292260
2016-03-19,21547126,10495503,33114008,10761799,73681085,76265590,2652928,17621354,58302111
2016-03-20,21545670,10498491,33119443,10770354,73688004,76277888,2653604,17626881,58307994
2016-03-21,21545269,10500927,33121387,10776515,73697506,76291964,2653416,17629068,58319775
2016-03-22,21545201,10504119,33126940,10785614,73706836,76308881,2654014,17633901,58329456
2016-03-23,21544902,10505904,33130461,10792433,73712754,76321429,2654395,17636135,58335207
2016-03-24,21544225,10508008,33133644,10799484,73720757,76333943,2654642,17638383,58341563
2016-03-25,21543442,10509618,33136342,10806938,73727032,76345175,2654734,17641436,58347446
2016-03-26,21542843,10511704,33137903,10813819,73733318,76354980,2654885,17643823,58352600
2016-03-27,21542236,10513212,33138860,10820243,73739344,76362678,2655172,17647921,58358465
2016-03-28,21542666,10515086,33139953,10826755,73745469,76370281,2655372,17652447,58364561
2016-03-29,21542425,10516905,33142413,10832817,73752511,76380074,2655488,17656784,58371292
2016-03-30,21542708,10518255,33144585,10838308,73762223,76390864,2655626,17662788,58377943
2016-03-31,21542934,10519080,33145269,10845665,73767885,76396593,2655590,17666259,58382321
2016-04-01,21542568,10520404,33153374,10851407,73778068,76400137,2655134,17670896,58387575
2016-04-02,21543653,10523586,33157721,10868911,73801107,76443642,2654791,17676525,58397036
2016-04-03,21545077,10527506,33168036,10889566,73961387,76543331,2654993,17687403,58410390
2016-04-04,21548075,10530524,33175524,10906274,74024176,76577381,2654980,17697995,58426173
2016-04-05,21547960,10533579,33183151,10924119,74047785,76599091,2654906,17671242,58434215
2016-04-06,21546679,10549758,33197883,10943820,74070827,76668833,2655614,17571826,58439434
2016-04-07,21546379,10554789,33202616,10956622,74104537,76702069,2655832,17579335,58446737
2016-04-08,21546980,10557544,33204848,10968839,74124383,76727523,2656008,17582822,58456089
2016-04-09,21548101,10559091,33205045,10974786,74133070,76734243,2656083,17585537,58460305
2016-04-10,21551104,10563528,33208124,10989683,74151658,76749060,2656374,17590747,58466932
2016-04-11,21552604,10566218,33209967,11004146,74160679,76756904,2656970,17595415,58474516
2016-04-12,21553943,10568899,33219386,11027134,74172418,76768469,2659852,17615998,58481937
2016-04-13,21556444,10573465,33227513,11041126,74244636,76785805,2659858,17626678,58492772
2016-04-14,21558523,10638138,33231082,11057733,74288770,76846095,2662136,17640218,58504581
2016-04-15,21558838,10652851,33235337,11069873,74312237,76869599,2662788,17649772,58515099
2016-04-16,21560580,10665859,33238594,11084812,74339815,76888468,2663676,17662505,58521833
2016-04-17,21561602,10671617,33243607,11099458,74367583,76905290,2664677,17673227,58529970
2016-04-18,21562332,10679374,33248046,11115121,74388348,76932855,2665519,17682042,58538396
2016-04-19,21562566,10683809,33259288,11135990,74405487,76953880,2668737,17706309,58546291
2016-04-20,21564063,10691295,33266202,11156947,74431361,76976286,2670283,17721646,58557106
2016-04-21,21564786,10702624,33271895,11165364,74458437,77007610,2670507,17729906,58566934
2016-04-22,21567101,10707645,33277005,11179326,74480697,77032260,2670652,17741876,58577807
2016-04-23,21569576,10714246,33285961,11200933,74511945,77062770,2671409,17759984,58595864
2016-04-24,21570788,10721009,33290210,11208169,74531726,77091881,2671833,17766549,58612654
2016-04-25,21568860,10720616,33286114,11217584,74533437,77095112,2672742,17766697,58612842
2016-04-26,21568334,10726851,33297414,11248145,74559129,77116359,2675637,17790062,58624172
2016-04-27,21568284,10734406,33302364,11263116,74608866,77135835,2675516,17797552,58632962
2016-04-28,21560253,10772531,33296772,11266192,74630036,77142780,2672614,17796212,58634310
2016-04-29,21560569,10787513,33306154,11280379,74650779,77157144,2672221,17813023,58648536
2016-04-30,21561294,10796296,33317712,11295931,74675020,77175944,2672241,17832418,58666289
2016-05-01,21562119,10808167,33325906,11309138,74699089,77194684,2672124,17840573,58680616
2016-05-02,21562648,10815185,33334224,11323275,74719167,77207862,2672376,17847277,58703230
2016-05-03,21563189,10824158,33355865,11353390,74736693,77219443,2670657,17875297,58714702
2016-05-04,21564469,10901681,33364522,11365407,74760256,77231813,2674906,17891984,58723852
2016-05-05,21565552,10933468,33371641,11378165,74833123,77247423,2675588,17900431,58733935
2016-05-06,21566254,10948739,33376030,11388510,74869049,77262072,2675915,17905181,58743000
2016-05-07,21566802,10959469,33379901,11400255,74894420,77276151,2676255,17910921,58751298
2016-05-08,21568042,10969184,33382605,11408509,74921368,77294380,2677841,17911761,58763924
2016-05-09,21576065,10984798,33392148,11418123,74963135,77331272,2680102,17920124,58784199
2016-05-10,21576643,10993455,33413657,11443775,74987756,77348934,2691045,17958772,58795803
2016-05-11,21576778,11000148,33419758,11456983,75002230,77360563,2692170,17971413,58802423
2016-05-12,21573994,11004067,33423352,11465672,75004929,77362557,2691893,17979415,58804102
2016-05-13,21570749,11007235,33425852,11473071,75010567,77365141,2692198,17986734,58804537
2016-05-14,21571873,11015729,33437081,11384587,75031206,77382863,2692813,18001012,58817236
2016-05-15,21573419,11027626,33448531,11276811,75063893,77450166,2694883,18018282,58833145
2016-05-16,21573636,11036324,33460179,11154118,75089379,77482052,2696918,18033195,58847054
2016-05-17,21573522,11042672,33473985,9147953,75107966,77502770,2698498,18055138,58856872
2016-05-18,21572981,11049105,33479667,9156982,75123927,77518237,2698948,18057670,58864779
2016-05-19,21572391,11056778,33485460,9164611,75139494,77529547,2698869,18063850,58873304
2016-05-20,21571786,11062537,33490709,9172830,75153038,77538968,2698992,18070501,58882053
2016-05-21,21571213,11068103,33495940,9178718,75166278,77547438,2699247,18078331,58891299
2016-05-22,21573567,11074964,33500402,9186636,75181316,77557279,2705086,18089923,58958491
2016-05-23,21574633,11082364,33506002,9194301,75204935,77599782,2708982,18099990,58992351
2016-05-24,21574755,11088873,33516014,9207683,75227086,77624936,2711345,18126319,59010578
2016-05-25,21574641,11109525,33519268,9213985,75246852,77641807,2711894,18137404,59023970
2016-05-26,21575086,11116129,33523317,9220911,75265992,77656121,2712004,18152875,59036464
2016-05-27,21575519,11151690,33528516,9228816,75287934,77667021,2711983,18170128,59048239
2016-05-28,21575089,11193056,33533113,9231283,75346614,77676060,2712003,18185844,59090689
2016-05-29,21575458,11298675,33536632,9231651,75623244,77691766,2712225,18200301,59103336
2016-05-30,21575433,11321281,33540505,9231516,75797680,77705459,2713257,18214046,59111732
2016-05-31,21575315,11329463,33549986,9238925,75838615,77716646,2713749,18240250,59119653
2016-06-01,21574079,11335232,33549995,9236443,75859747,77724300,2713618,18236702,59124146
2016-06-02,21573322,11339073,33548078,9235509,75882107,77731054,2713429,18237940,59127431
2016-06-03,21572570,11342048,33547631,9235381,75898057,77735732,2713502,18242764,59128749
2016-06-04,21573252,11346591,33547383,9234769,75922310,77747593,2713506,18244300,59136047
2016-06-05,21572865,11350886,33548215,9234916,75940378,77755525,2713725,18247656,59141563
2016-06-06,21572610,11353481,33547816,9243677,75951587,77759766,2713961,18251865,59143136
2016-06-07,21573194,11356760,33554857,9261623,75969063,77769026,2715774,18268695,59148367
2016-06-08,21573653,11359748,33556196,9278092,75983383,77774744,2716107,18269542,59153289
2016-06-09,21573590,11361676,33559429,9293764,76005476,77794400,2716088,18272634,59167771
2016-06-10,21573826,11364868,33562278,9309166,76022380,77805897,2716102,18278907,59175133
2016-06-11,21573499,11366455,33561201,9327493,76028006,77806394,2716167,18282308,59175104
2016-06-12,21573424,11369571,33562443,9345654,76043888,77816978,2716280,18286701,59180541
2016-06-13,21574341,11373669,33564525,9361405,76063916,77830605,2716786,18291243,59188930
2016-06-14,21574626,11376828,33573774,9377328,76080951,77843421,2718955,18312405,59195804
2016-06-15,21564438,11374159,33559161,9384321,76061957,77820982,2717795,18306167,59175753
2016-06-16,21574481,11381708,33576925,9403515,76112810,77872576,2719108,18324127,59209666
2016-06-17,21574584,11384610,33576554,9417585,76128583,77886079,2719085,18330589,59217388
2016-06-18,21573881,11386025,33576426,9430373,76136926,77891669,2719130,18339281,59218187
2016-06-19,21573203,11387312,33575829,9441818,76144137,77894275,2719302,18346891,59220167
2016-06-20,21572363,11388920,33574837,9452660,76153947,77898587,2719207,18352812,59223231
2016-06-21,21571863,11390061,33578781,9465499,76160025,77900623,2719727,18366216,59224080
2016-06-22,21572594,11392645,33581545,9480629,76175882,77911848,2720254,18370934,59230432
2016-06-23,21572113,11394194,33582153,9499147,76184663,77918428,2720349,18377148,59233826
2016-06-24,21571936,11396424,33582305,9518191,76193697,77923898,2720322,18384377,59238524
2016-06-25,21576033,11403466,33582583,9532838,76236729,77957630,2720198,18379384,59264152
2016-06-26,21575701,11404468,33583767,9550979,76249277,77963445,2720389,18390317,59267199
2016-06-27,21575629,11405313,33585157,9567138,76260445,77969951,2720938,18402672,59269589
2016-06-28,21575219,11406131,33596208,9593322,76276349,77982822,2722214,18425866,59274573
2016-06-29,21575416,11406814,33599914,9610975,76292399,77995527,2722365,18433364,59281493
2016-06-30,21575394,11407657,33601390,9629689,76306629,78005395,2722453,18440977,59286006
2016-07-01,21579761,11414355,33598328,9636422,76361203,78048404,2722323,18429731,59322717
2016-07-02,21580945,11416454,33599936,9637792,76383273,78062242,2722519,18431198,59362125
2016-07-03,21580531,11417105,33600559,9638866,76399079,78066580,2723922,18433325,59379425
2016-07-04,21580883,11418472,33604859,9639499,76414108,78072611,2724817,18435371,59388411
2016-07-05,21583291,11425027,33608439,9637889,76448917,78097056,2725381,18450811,59405222
2016-07-06,21583312,11426712,33609546,9639931,76462864,78102454,2725506,18481786,59421323
2016-07-07,21582856,11427465,33610294,9641640,76477296,78106562,2725515,18508454,59433222
2016-07-08,21583464,11429493,33609338,9642464,76489210,78109947,2725238,18522787,59438887
2016-07-09,21588406,11437057,33609741,9643053,76530664,78140678,2725067,18525077,59462306
2016-07-10,21589245,11440727,33611821,9644972,76545568,78148979,2725485,18532727,59469742
2016-07-11,21590147,11443749,33614993,9647348,76581898,78161501,2726760,18538355,59482455
2016-07-12,21590754,11446238,33638762,9664419,76629203,78172902,2730057,18573700,59495390
2016-07-13,21591590,11448404,33643621,9663328,76657080,78183448,2730848,18582519,59503644
2016-07-14,21592750,11450277,33645426,9663259,76677347,78193393,2730976,18592272,59512468
2016-07-15,21593062,11451664,33648934,9670745,76693116,78200717,2731147,18602375,59517410
2016-07-16,21594311,11454308,33649837,9672949,76717709,78222851,2731157,18608180,59528403
2016-07-17,21594214,11455395,33655992,9675544,76728830,78228915,2731364,18618811,59537631
2016-07-18,21594521,11457015,33657806,9675797,76742954,78238160,2731430,18627771,59545138
2016-07-19,21595162,11459804,33664084,9679007,76759032,78249416,2731176,18639737,59556253
2016-07-20,21595329,11461738,33667034,9680217,76764937,78251785,2731221,18641884,59562567
2016-07-21,21595350,11463185,33668851,9681801,76770962,78253797,2731398,18652040,59569050
2016-07-22,21597912,11467473,33671832,9683573,76790527,78269869,2731441,18662522,59587254
2016-07-23,21599559,11471137,33674008,9684242,76804310,78278820,2731454,18670711,59603908
2016-07-24,21600170,11473037,33676884,9687719,76810606,78281747,2731717,18683118,59611594
2016-07-25,21601361,11475212,33679243,9689027,76821612,78289972,2731627,18693699,59621352
2016-07-26,21603207,11478355,33694078,9700377,76839407,78303286,2730051,18724519,59636205
2016-07-27,21602456,11480366,33698003,9705710,76843509,78305419,2730190,18730679,59639792
2016-07-28,21604469,11482962,33702122,9708945,76855418,78311448,2730206,18736003,59650721
2016-07-29,21606277,11485224,33706179,9710335,76865280,78323542,2730217,18742948,59662639
2016-07-30,21606811,11488009,33704943,9708666,76876086,78340860,2729579,18743045,59675446
2016-07-31,21608016,11490894,33709401,9711724,76889260,78360984,2729211,18745579,59699860
2016-08-01,21608201,11493109,33711268,9712160,76898162,78370648,2728753,18748301,59715173
2016-08-02,21609666,11496462,33723923,9722642,76916372,78382969,2726501,18769254,59732802
2016-08-03,21609913,11498355,33728223,9723191,76925987,78390348,2726185,18768512,59746707
2016-08-04,21609733,11499460,33730509,9724642,76931402,78395044,2726072,18769633,59775404
2016-08-05,21609900,11501013,33733166,9725417,76940914,78401901,2725930,18770346,59787382
2016-08-06,21610740,11502635,33735534,9725999,76948932,78407089,2725643,18778152,59797456
2016-08-07,21611032,11503876,33737567,9727226,76953775,78412416,2725572,18789541,59803342
2016-08-08,21611365,11505255,33740190,9728152,76962830,78417765,2725275,18796895,59840496
2016-08-09,21611848,11507938,33744739,9732912,76975429,78427568,2721677,18812204,59866951
2016-08-10,21613098,11510373,33752275,9738465,77007874,78441477,2721678,18823628,59896841
2016-08-11,21612225,11510916,33752853,9741457,77016956,78443765,2721546,18832636,59903677
2016-08-12,21611819,11512200,33753730,9742304,77026883,78449392,2721195,18838304,59914892
2016-08-13,21611591,11513568,33753593,9742449,77034059,78454638,2720575,18842776,59932192
2016-08-14,21611814,11515309,33755297,9744912,77034602,78457360,2720463,18851334,59941364
2016-08-15,21612433,11517262,33757547,9747422,77034669,78465176,2721192,18863281,59958978
2016-08-16,21612685,11518952,33768279,9754555,77034558,78467633,2720336,18885931,59969329
2016-08-17,21613466,11520922,33770384,9753382,77051779,78474540,2719649,18886289,59976769
2016-08-18,21615201,11525016,33773266,9753262,77075659,78499908,2718170,18882507,59998233
2016-08-19,21600601,11520501,33754278,9738325,77040916,78452450,2711156,18830584,59981731
2016-08-20,21600149,11520425,33757932,9743446,77045742,78452867,2709681,18837890,60002909
2016-08-21,21600303,11520738,33765284,9751745,77048192,78454848,2708081,18847380,60019658
2016-08-22,21614786,11527725,33779378,9759931,77104327,78516671,2711601,18887108,60063808
2016-08-23,21615124,11528441,33794283,9775461,77111160,78519630,2710886,18917843,60076844
2016-08-24,21615276,11528925,33798054,9774680,77117735,78521257,2710775,18914745,60089621
2016-08-25,21615109,11529708,33798657,9774021,77121813,78521771,2710650,18911741,60101519
2016-08-26,21615220,11531050,33802010,9773994,77131942,78523231,2710546,18908439,60117526
2016-08-27,21615979,11532407,33806256,9775805,77141968,78527338,2711005,18908311,60136353
2016-08-28,21617398,11534719,33813541,9777601,77150868,78532870,2711229,18909215,60164028
2016-08-29,21617922,11535863,33817508,9778244,77157393,78537085,2711248,18908058,60182534
2016-08-30,21619039,11537124,33825164,9780917,77167305,78543445,2712259,18915627,60201036
2016-08-31,21618868,11536556,33824875,9778872,77170851,78540927,2712131,18909890,60207410
2016-09-01,21617892,11535373,33826255,9777390,77164422,78530582,2712462,18906011,60205119
2016-09-02,21617622,11535828,33830849,9777373,77169452,78531399,2712752,18935494,60210808
2016-09-03,21617017,11536284,33834417,9778304,77173723,78532215,2712819,18961673,60214941
2016-09-04,21616538,11536932,33838168,9780264,77179895,78534201,2713044,18987048,60219770
2016-09-05,21616626,11537824,33843071,9782283,77191262,78540290,2713566,19008852,60229702
2016-09-06,21613809,11535509,33847841,9790380,77182607,78528076,2713439,19040466,60222868
2016-09-07,21612869,11535688,33853479,9792075,77192760,78527224,2713824,19063329,60228612
2016-09-08,21612375,11536379,33857481,9791509,77199172,78531101,2713762,19083595,60238009
2016-09-09,21611461,11536789,33859665,9791336,77201809,78532319,2713696,19100994,60243698
2016-09-10,21610962,11537181,33863685,9791588,77207111,78533539,2713757,19119009,60257895
2016-09-11,21610640,11538817,33869833,9793281,77217271,78538517,2713994,19126770,60282146
2016-09-12,21609208,11538839,33873852,9794585,77220347,78536654,2714200,19131569,60286323
2016-09-13,21608939,11539522,33881537,9798562,77228320,78539377,2714658,19145050,60296495
2016-09-14,21608352,11541231,33887446,9801221,77234391,78549009,2715122,19154687,60303242
2016-09-15,21607729,11542043,33894498,9802808,77250332,78555622,2715233,19161332,60310934
2016-09-16,21606253,11542113,33896795,9802961,77253227,78555189,2715310,19165877,60316676
2016-09-17,21604794,11543290,33904978,9802830,77257121,78556562,2715484,19170587,60322929
2016-09-18,21603916,11545012,33908789,9804276,77260210,78560736,2715997,19176734,60328473
2016-09-19,21603400,11545693,33911939,9806238,77271376,78563305,2716289,19181051,60338306
2016-09-20,21602547,11546314,33917713,9808298,77279061,78566918,2718103,19190261,60345458
2016-09-21,21601586,11547681,33921431,9808410,77280489,78566274,2718116,19194109,60346871
2016-09-22,21601109,11553468,33928046,9809264,77295842,78580990,2718553,19199765,60359955
2016-09-23,21600068,11554288,33931428,9809860,77301745,78583310,2718938,19204876,60366016
2016-09-24,21599254,11555003,33935216,9818020,77306844,78585875,2719355,19210207,60371920
2016-09-25,21598409,11555934,33942957,9828963,77316666,78591413,2719847,19217119,60391586
2016-09-26,21597712,11557114,33945637,9838744,77321009,78593102,2720410,19221123,60398192
2016-09-27,21596564,11557834,33951318,9849739,77325994,78595064,2722583,19239288,60404302
2016-09-28,21595972,11559750,33955635,9854161,77339245,78597699,2722807,19255755,60409874
2016-09-29,21594840,11566880,33958709,9868592,77347219,78606276,2723150,19273962,60416104
2016-09-30,21594456,11568230,33960670,9882505,77351509,78607997,2723191,19287028,60424599
2016-10-01,21593480,11568740,33962921,9899116,77357578,78612220,2723259,19292846,60431499
2016-10-02,21592353,11569413,33967844,9917398,77362800,78617510,2723422,19296777,60440735
2016-10-03,21592067,11571795,33971228,9934972,77370453,78626113,2724046,19299727,60450521
2016-10-04,21590983,11572600,33974519,9947990,77374952,78628380,2726044,19304516,60456991
2016-10-05,21590031,11573282,33978180,9964456,77380199,78630541,2726186,19320006,60463613
2016-10-06,21589064,11573726,33980256,9998853,77386971,78633732,2725887,19338706,60470662
2016-10-07,21588333,11574137,33981115,10031247,77389789,78633973,2725935,19359469,60474731
2016-10-08,21587649,11574844,33984165,10058492,77395334,78637225,2726201,19382677,60481351
2016-10-09,21586300,11575625,33985878,10082569,77400066,78638538,2726402,19404297,60486818
2016-10-10,21585109,11575920,33987091,10106385,77402990,78638787,2726639,19426783,60491463
2016-10-11,21584176,11575837,33989715,10119898,77407199,78639495,2728344,19450412,60497200
2016-10-12,21583622,11576442,33993711,10125427,77413640,78643769,2729378,19463808,60503760
2016-10-13,21583542,11576917,33997479,10125903,77421047,78648070,2729443,19474966,60512446
2016-10-14,21582643,11576524,33997412,10126207,77421455,78645785,2729359,19476877,60514507
2016-10-15,21581674,11576563,33998852,10126543,77424888,78646342,2729199,19484039,60520223
2016-10-16,21581227,11579132,34004117,10128192,77433494,78651963,2729245,19492657,60527073
2016-10-17,21580928,11579818,34007718,10129490,77441797,78655653,2729372,19502176,60535830
2016-10-18,21580362,11580079,34011563,10130231,77446455,78656425,2730046,19514099,60549622
2016-10-19,21579823,11580452,34014616,10131690,77456289,78658889,2730097,19522524,60556836
2016-10-20,21578855,11581938,34016874,10145444,77461443,78673298,2730321,19531658,60564226
2016-10-21,21577638,11581971,34017704,10159879,77463023,78676485,2730274,19538684,60574572
2016-10-22,21577039,11582755,34019944,10175760,77468092,78679809,2730301,19547930,60583829
2016-10-23,21582985,11583662,34022463,10193756,77473728,78687920,2730592,19556274,60592063
2016-10-24,21585525,11585530,34042626,10209249,77483370,78691545,2730786,19565563,60604464
2016-10-25,21584762,11585585,34045885,10206919,77485541,78690258,2731496,19574893,60608407
2016-10-26,21584110,11585658,34046661,10206500,77486853,78689160,2731694,19581806,60611725
2016-10-27,21583485,11585823,34049505,10206656,77492458,78691224,2731985,19593423,60629002
2016-10-28,21582844,11585972,34051148,10209723,77497308,78694028,2732163,19603912,60637802
2016-10-29,21582452,11586322,34053473,10210416,77503080,78698267,2732270,19615840,60645357
2016-10-30,21582472,11587857,34056502,10234801,77511303,78706009,2732551,19627542,60655280
2016-10-31,21581688,11587972,34059485,10258630,77512577,78704628,2732748,19636705,60658091
2016-11-01,21580961,11588041,34063376,10276375,77517880,78706179,2733149,19637684,60665337
2016-11-02,21581604,11590200,34070935,10280941,77532236,78723836,2733820,19647343,60679950
2016-11-03,21579522,11590164,34070831,10283436,77537241,78724404,2733850,19654878,60682505
2016-11-04,21578789,11590715,34072973,10285015,77542119,78727602,2733864,19663221,60693365
2016-11-05,21577844,11590762,34074599,10285403,77545986,78729558,2733893,19673698,60699431
2016-11-06,21576884,11591816,34082851,10286697,77552740,78732832,2734176,19686057,60708474
2016-11-07,21576426,11592126,34087068,10288112,77560431,78739807,2734205,19697979,60719605
2016-11-08,21575799,11592147,34090642,10294806,77569891,78743559,2735439,19714444,60728247
2016-11-09,21574795,11591973,34090977,10294510,77571974,78741415,2735525,19723301,60731774
2016-11-10,21573955,11592011,34091154,10295142,77577023,78742745,2735319,19734699,60737726
2016-11-11,21573781,11592823,34093250,10297449,77585564,78750472,2735458,19747182,60748789
2016-11-12,21572825,11593121,34094364,10300331,77590981,78753503,2735569,19760384,60756178
2016-11-13,21571836,11593326,34095430,10301253,77596059,78755341,2735826,19772984,60762437
2016-11-14,21570910,11593657,34096499,10301989,77600236,78756096,2735993,19783662,60767887
2016-11-15,21570708,11593765,34096809,10302088,77601254,78754138,2736769,19794989,60770625
2016-11-16,21569847,11593951,34099215,10305627,77608039,78755475,2737236,19808801,60777909
2016-11-17,21569043,11595400,34100805,10305829,77614387,78757894,2737170,19819409,60787451
2016-11-18,21568300,11596567,34103876,10307204,77623733,78762529,2737176,19835451,60801486
2016-11-19,21568218,11598066,34106672,10308082,77629057,78765039,2737260,19845147,60810065
2016-11-20,21569126,11607155,34112689,10310360,77661456,78777856,2737721,19861288,60830898
2016-11-21,21572745,11609001,34120041,10311748,77678053,78786144,2737837,19873763,60843089
2016-11-22,21572970,11610019,34124699,10313594,77692264,78802737,2738532,19888209,60852064
2016-11-23,21570963,11609116,34123329,10312580,77696915,78802032,2738204,19893246,60851460
2016-11-24,21570680,11611186,34129834,10315034,77720450,78825030,2737902,19907304,60872953
2016-11-25,21569859,11611580,34131507,10315413,77728014,78828581,2737297,19913754,60881808
2016-11-26,21569083,11611961,34134077,10315848,77741870,78839290,2737033,19921808,60893055
2016-11-27,21568927,11612833,34142952,10317012,77763222,78850710,2736778,19932019,60903278
2016-11-28,21568482,11614023,34148817,10317891,77778296,78864057,2736582,19941762,60914767
2016-11-29,21568125,11614561,34155060,10319674,77791534,78872351,2739080,19953931,60921843
2016-11-30,21569150,11617407,34163775,10320587,77817844,78891977,2737097,19966240,60935604
2016-12-01,21569148,11619116,34168963,10324231,77847998,78906193,2726876,19971663,60950216
2016-12-02,21568198,11618955,34170389,10326475,77859490,78915321,2717472,19980384,60958264
2016-12-03,21568149,11620140,34174324,10329529,77952945,78942827,2708994,19990296,60967113
2016-12-04,21567735,11622649,34192824,10332713,78123057,79024687,2701014,20000188,60977484
2016-12-05,21567840,11623402,34198419,10335553,78148226,79038162,2689514,20007221,60987698
2016-12-06,21566956,11623667,34909832,11662535,78161200,79045021,2340109,21729638,60993682
2016-12-07,21566479,11626912,35051086,11662389,78174483,79057741,2292229,21812483,60999379
2016-12-08,21565688,11627410,35047954,11653665,78188873,79062285,2298253,21804893,61002374
2016-12-09,21564767,11627761,35041850,11641010,78196444,79066860,2307359,21790899,61008518
2016-12-10,21564289,11629662,35036661,11629967,78209394,79078215,2315720,21779392,61012816
2016-12-11,21563674,11630530,35034486,11619347,78229987,79090491,2324390,21768451,61020800
2016-12-12,21562805,11630823,35037267,11609081,78246357,79100406,2337960,21729738,61032192
2016-12-13,21562919,11632255,34077596,10384094,78286440,79116239,2637848,19913341,61048752
2016-12-14,21561485,11631803,33965836,10383354,78300632,79119766,2700003,19838541,61053688
2016-12-15,21560619,11631859,33969072,10382387,78314561,79130748,2700298,19843604,61062329
2016-12-16,21559816,11632276,33978448,10382633,78356092,79150122,2700581,19851805,61073959
2016-12-17,21559920,11632652,33984156,10382616,78370801,79161156,2700573,19858593,61082417
2016-12-18,21559184,11633265,33993805,10383168,78382794,79169446,2700564,19865370,61097009
2016-12-19,21557887,11633842,34001598,10382971,78421039,79183616,2700708,19871959,61108018
2016-12-20,21556644,11633763,34003246,10390127,78433837,79192940,2699495,19871030,61116071
2016-12-21,21555430,11633458,34008000,10356846,78443453,79200571,2703767,19827173,61121953
2016-12-22,21554011,11633026,34009189,10262903,78460272,79205071,2721123,19777483,61127732
2016-12-23,21553126,11633538,34011814,10270196,78474926,79213436,2720275,19775850,61134504
2016-12-24,21567213,11633626,34019042,10271425,78485306,79221627,2720360,19783009,61143909
2016-12-25,21569579,11632603,34020043,10270351,78484648,79218105,2720400,19787567,61144789
2016-12-26,21569721,11632726,34023430,10270444,78492277,79223904,2720227,19795178,61150360
2016-12-27,21568942,11632347,34032208,10289586,78501530,79227811,2714239,19791503,61162199
2016-12-28,21568773,11632096,34081600,10281884,78507106,79232118,2715322,19870380,61168769
2016-12-29,21567844,11631678,34314317,10315790,78515023,79237036,2740566,20170394,61175341
2016-12-30,21566833,11631210,34327826,10314452,78521162,79242824,2740407,20176239,61180984
2016-12-31,21566038,11631384,34331209,10313059,78528490,79246863,2740071,20182458,61187740
2017-01-01,21565369,11631557,34338823,10312042,78535258,79249749,2739718,20184657,61201572
2017-01-02,21564406,11631304,34342477,10310829,78542003,79252587,2739019,20183529,61208394
2017-01-03,21563764,11630957,34347212,10312842,78550611,79256084,2734614,20188150,61218522
2017-01-04,21563499,11631264,34353584,10313351,78559159,79262910,2733809,20189988,61226418
2017-01-05,21562127,11630312,34360715,10311035,78571624,79263650,2733278,20186722,61237007
2017-01-06,21560940,11629882,34365178,10309792,78580717,79272196,2732799,20185623,61247518
2017-01-07,21560432,11629761,34369449,10309325,78587301,79276550,2732343,20185257,61254480
2017-01-08,21559708,11630026,34373862,10309206,78602191,79277052,2731968,20185165,61264630
2017-01-09,21559524,11629747,34380246,10308725,78612611,79283642,2731435,20184730,61271349
2017-01-10,21559600,11630009,34387047,10312105,78638853,79293959,2727800,20192877,61283066
2017-01-11,21558931,11629626,34390468,10311781,78647678,79296109,2726972,20197672,61292565
2017-01-12,21558221,11629717,34392745,10310894,78656264,79313859,2726673,20213634,61299155
2017-01-13,21558170,11629430,34394423,10309680,78670527,79319719,2726497,20228257,61305541
2017-01-14,21557043,11628488,34395240,10308784,78672457,79317195,2726473,20244968,61307569
2017-01-15,21556567,11628603,34403022,10307706,78684262,79330124,2726552,20260153,61318406
2017-01-16,21555692,11628087,34405734,10307554,78691929,79329859,2726731,20273584,61333860
2017-01-17,21555798,11628037,34412582,10314861,78704348,79337784,2729584,20294252,61343809
2017-01-18,21555372,11627928,34417132,10328580,78710520,79341031,2730599,20312841,61349907
2017-01-19,21554319,11627812,34419369,10329892,78721060,79345111,2730489,20327568,61355836
2017-01-20,21554250,11628933,34423283,10331154,78733295,79357110,2730324,20344004,61378167
2017-01-21,21554358,11629386,34426057,10334225,78738684,79360099,2730515,20361231,61387193
2017-01-22,21554369,11629229,34431024,10336750,78756612,79368458,2730463,20374957,61405778
2017-01-23,21554121,11629778,34439315,10338753,78768511,79378417,2730610,20390705,61415414
2017-01-24,21554240,11629939,34445283,10342230,78780164,79384377,2733265,20410226,61423909
2017-01-25,21553358,11628887,34448299,10342796,78785071,79384563,2734043,20423382,61428172
2017-01-26,21554506,11630101,34451962,10342626,78802634,79391121,2733913,20437393,61436459
2017-01-27,21555451,11630627,34456202,10342822,78813514,79405151,2733787,20451630,61447931
2017-01-28,21555729,11631171,34460461,10342784,78826279,79411224,2733691,20465108,61457587
2017-01-29,21555069,11631666,34466010,10343352,78830683,79412338,2733734,20479231,61463462
2017-01-30,21554760,11632655,34472649,10343139,78853438,79425234,2733866,20491839,61481186
2017-01-31,21554329,11633607,34477974,10345369,78864966,79434446,2736419,20508962,61490721
2017-02-01,21553783,11634329,34490371,10345456,78876978,79447997,2736855,20514970,61500948
2017-02-02,21552997,11639343,34494469,10344247,78886714,79471209,2736591,20513423,61507684
2017-02-03,21551959,11640096,34499904,10343483,78895107,79478830,2736382,20511534,61513263
2017-02-04,21551194,11640384,34504253,10343424,78905173,79487538,2736359,20517328,61518927
2017-02-05,21550548,11640861,34534416,10343423,78950958,79499709,2736271,20526597,61526349
2017-02-06,21550152,11641783,34541236,10343917,79172198,79506802,2736196,20534910,61542550
2017-02-07,21549502,11642082,34546940,10345886,79180806,79512132,2737471,20546624,61546616
2017-02-08,21548882,11647362,34552632,10345495,79188054,79533114,2737922,20555701,61551718
2017-02-09,21545249,11645489,34547453,10342625,79179313,79519381,2737435,20556294,61541057
2017-02-10,21544482,11645719,34548949,10342791,79192775,79524160,2737139,20561335,61544535
2017-02-11,21541231,11644111,34547353,10341161,79198999,79520582,2736708,20562991,61542340
2017-02-12,21541401,11644509,34554087,10340981,79225844,79538890,2736759,20568460,61557884
2017-02-13,21538975,11644727,34558994,10341020,79234756,79538799,2736489,20573914,61560956
2017-02-14,21539359,11645822,34568487,10343631,79265667,79553859,2737263,20585527,61575301
2017-02-15,21537016,11645380,34568416,10342778,79268102,79566187,2736992,20591092,61573522
2017-02-16,21541898,11651203,34587836,10349231,79352052,79609157,2739095,20615973,61605254
2017-02-17,21540842,11651640,34591788,10349230,79383492,79616171,2739366,20625936,61617469
2017-02-18,21540838,11652167,34596162,10349744,79405298,79622280,2739402,20633493,61624907
2017-02-19,21540206,11653184,34603454,10349826,79430717,79628012,2739596,20640052,61630900
2017-02-20,21540325,11653710,34606988,10349668,79443061,79637432,2739677,20645771,61641568
2017-02-21,21539993,11654097,34610767,10351342,79450964,79643429,2740324,20654266,61647815
2017-02-22,21539907,11659084,34614824,10353035,79464066,79651468,2740508,20662117,61654962
2017-02-23,21539684,11660261,34617756,10356099,79485573,79658945,2740367,20668003,61664378
2017-02-24,21539160,11660667,34619678,10356765,79492233,79664021,2740275,20674422,61670034
2017-02-25,21538247,11661074,34625935,10356417,79501407,79669773,2740157,20680182,61676720
2017-02-26,21538697,11662044,34635224,10356304,79513555,79680380,2740628,20688442,61688593
2017-02-27,21538678,11668833,34640400,10356295,79533553,79698145,2740708,20695291,61716602
2017-02-28,21537833,11669189,34644223,10352153,79542833,79705224,2741226,20703130,61731104
2017-03-01,21536563,11669183,34644724,10352763,79545774,79705879,2741158,20704702,61735576
2017-03-02,21535599,11669620,34649554,10352777,79565170,79722256,2741556,20704559,61746113
2017-03-03,21534731,11680297,34651776,10352405,79573096,79728968,2741584,20712607,61752457
2017-03-04,21533845,11689365,34655232,10352208,79580831,79734994,2741528,20721289,61759715
2017-03-05,21533288,11690132,34658339,10351907,79595006,79747301,2741541,20729360,61771357
2017-03-06,21532588,11690670,34660975,10351890,79604744,79754989,2741601,20736381,61779313
2017-03-07,21531457,11690429,34656466,10345598,79616131,79763964,2742215,20735112,61787177
2017-03-08,21530439,11690476,34657496,10346067,79673302,79774059,2743523,20760596,61795269
2017-03-09,21529617,11691198,34662151,10346109,79734920,79939614,2744055,20779332,61804590
2017-03-10,21545610,11691318,34663928,10345263,79753642,80020193,2745015,20791485,61814656
2017-03-11,21556066,11690960,34665837,10346438,79768908,80088266,2745975,20801461,61820582
2017-03-12,21555376,11691052,34667274,10346551,79783775,80151397,2747047,20812294,61826202
2017-03-13,21554262,11691153,34667942,10346020,79809624,80208160,2748069,20815772,61831754
